nombre,numero,email
Kennan,52,urna.nec@nibhphasellus.org
Pearl,8,posuere.enim@mollisnon.org
Macy,30,suspendisse@integeraliquam.ca
Shad,51,sollicitudin.a@eunulla.net
Finn,52,sem.ut@necmetus.edu
Gage,13,gravida.praesent@dolordapibus.co.uk
Carl,9,in.mi@aliquetphasellus.co.uk
Bernard,24,in.consequat@blandit.org
Tad,40,sem.semper@duifuscealiquam.org
Dolan,79,pharetra@ac.ca
Thor,8,sapien.aenean@famesacturpis.edu
Aiko,82,eget@nonlaciniaat.co.uk
Wanda,90,ornare.placerat.orci@varius.ca
Igor,29,nam.porttitor@turpisin.edu
Candace,90,fusce.mollis@felisorciadipiscing.org
Cooper,7,donec@netuset.org
Melyssa,76,nascetur@nunc.ca
Tasha,78,metus.facilisis@aliquamarcu.org
Scarlett,23,nibh.sit@nisi.net
Signe,11,nulla.semper@vitaeorci.net
